user_id,name,age,email
1,User_1,45,user1@example.com
2,User_2,48,user2@example.com
3,User_3,36,user3@example.com
4,User_4,46,user4@example.com
5,User_5,29,user5@example.com
6,User_6,39,user6@example.com
7,User_7,24,user7@example.com
8,User_8,44,user8@example.com
9,User_9,27,user9@example.com
10,User_10,43,user10@example.com
11,User_11,36,user11@example.com
12,User_12,24,user12@example.com
13,User_13,47,user13@example.com
14,User_14,20,user14@example.com
15,User_15,30,user15@example.com
16,User_16,30,user16@example.com
17,User_17,35,user17@example.com
18,User_18,45,user18@example.com
19,User_19,47,user19@example.com
20,User_20,43,user20@example.com
21,User_21,37,user21@example.com
22,User_22,45,user22@example.com
23,User_23,25,user23@example.com
24,User_24,46,user24@example.com
25,User_25,48,user25@example.com
26,User_26,26,user26@example.com
27,User_27,24,user27@example.com
28,User_28,18,user28@example.com
29,User_29,20,user29@example.com
30,User_30,30,
31,User_31,45,user31@example.com
32,User_32,47,user32@example.com
33,User_33,42,user33@example.com
34,,48,user34@example.com
35,User_35,45,user35@example.com
36,User_36,34,user36@example.com
37,User_37,42,user37@example.com
38,User_38,41,user38@example.com
39,User_39,18,user39@example.com
40,User_40,23,user40@example.com
41,User_41,38,user41@example.com
42,User_42,23,user42@example.com
43,User_43,43,user43@example.com
44,User_44,29,user44@example.com
45,User_45,30,user45@example.com
46,User_46,49,user46@example.com
47,User_47,30,user47@example.com
48,User_48,46,user48@example.com
49,User_49,32,user49@example.com
50,User_50,38,user50@example.com
51,User_51,33,user51@example.com
52,User_52,39,user52@example.com
53,User_53,38,user53@example.com
54,User_54,28,user54@example.com
55,User_55,45,user55@example.com
56,User_56,22,user56@example.com
57,User_57,21,user57@example.com
58,User_58,20,user58@example.com
59,User_59,36,user59@example.com
60,User_60,37,user60@example.com
61,User_61,42,user61@example.com
62,User_62,35,user62@example.com
63,User_63,32,user63@example.com
64,User_64,26,user64@example.com
65,User_65,34,user65@example.com
66,User_66,31,user66@example.com
67,User_67,32,user67@example.com
68,User_68,48,user68@example.com
69,User_69,18,user69@example.com
70,User_70,38,user70@example.com
71,User_71,39,user71@example.com
72,User_72,39,user72@example.com
73,User_73,20,user73@example.com
74,User_74,33,user74@example.com
75,User_75,40,user75@example.com
76,User_76,42,user76@example.com
77,User_77,28,user77@example.com
78,User_78,29,user78@example.com
79,User_79,27,user79@example.com
80,User_80,49,user80@example.com
81,User_81,,user81@example.com
82,User_82,25,user82@example.com
83,User_83,23,user83@example.com
84,User_84,29,user84@example.com
85,User_85,41,user85@example.com
86,User_86,45,user86@example.com
87,User_87,38,user87@example.com
88,User_88,25,user88@example.com
89,User_89,43,user89@example.com
90,User_90,45,user90@example.com
91,User_91,21,user91@example.com
92,User_92,43,user92@example.com
93,User_93,25,user93@example.com
94,,43,user94@example.com
95,User_95,45,user95@example.com
96,User_96,35,user96@example.com
97,User_97,45,user97@example.com
98,User_98,45,user98@example.com
99,User_99,,user99@example.com
100,User_100,26,user100@example.com
